"PATHWAY_NAME","GENE_NAME"
"PID_RET_PATHWAY","PRKACA; PXN; GAB1; GRB2; DOK4; CREB1; SHC1; PIK3R1; NCK1; PDLIM7; PRKCA; RET; BCAR1; MAPK3; IRS1; PTK2; RHOA; DOK5; CRK; PTPN11; SOS1; FRS2; RAC1; MAPK8; DOK1; GRB7; SRC; MAPK1; RAP1A; PIK3CA; GFRA1; JUN; GRB10; DOK6; GDNF; IRS2; SHANK3; RASA1; HRAS"
"REACTOME_EGFR_DOWNREGULATION","SPRY1; SPRY2; STAM2; AP2M1; AP2S1; CLTA; CLTC; AP2A1; AP2A2; AP2B1; EGF; EGFR; EPS15; GRB2; EPN1; SH3KBP1; EPS15L1; RPS27A; SH3GL2; UBA52; STAM; CBL; HGS; CDC42"
"REACTOME_FGFR_LIGAND_BINDING_AND_ACTIVATION","KLB; FGF1; FGF2; FGF3; FGF4; FGF5; FGF6; FGF7; FGF8; FGF9; FGF10; FGFR1; FGFR3; FGFR2; FGFR4; FGF20; FGF22; FGF23; FGF18; FGF17; KL; FGF19"
"NABA_SECRETED_FACTORS","AMH; ANGPT1; ANGPT2; ANGPT4; ANGPTL1; ANGPTL2; ANGPTL3; ANGPTL4; ANGPTL6; ANGPTL7; ARTN; BDNF; BMP10; BMP15; BMP2; BMP3; BMP4; BMP5; BMP6; BMP7; BMP8A; BMP8B; BRINP2; BRINP3; BTC; CBLN1; CBLN2; CBLN3; CBLN4; CCBE1; CCL1; CCL11; CCL13; CCL16; CCL17; CCL18; CCL19; CCL2; CCL20; CCL21; CCL22; CCL23; CCL24; CCL25; CCL26; CCL27; CCL28; CCL4; CCL5; CCL7; CCL8; CHRD; CHRDL1; CHRDL2; CLCF1; CRHBP; CRLF1; CRLF3; CRNN; CSF1; CSF2; CSF3; CSH1; CSH2; CSHL1; CTF1; CX3CL1; CXCL1; CXCL10; CXCL11; CXCL12; CXCL13; CXCL14; CXCL2; CXCL3; CXCL5; CXCL6; CXCL8; CXCL9; DHH; EBI3; EDA; EGF; EGFL6; EGFL7; EPO; EREG; FASLG; FGF1; FGF10; FGF11; FGF12; FGF13; FGF14; FGF16; FGF17; FGF18; FGF19; FGF2; FGF20; FGF21; FGF22; FGF23; FGF3; FGF4; FGF5; FGF6; FGF7; FGF8; FGF9; FGFBP1; FGFBP2; FGFBP3; FLG; FLG2; FLT3LG; FRZB; FST; FSTL1; FSTL3; GDF10; GDF11; GDF15; GDF2; GDF3; GDF5; GDF9; GDNF; GH1; GH2; HBEGF; HCFC1; HCFC2; HGF; HGFAC; HHIP; IFNA1; IFNA10; IFNA16; IFNA2; IFNA21; IFNA5; IFNA6; IFNA8; IFNB1; IFNE; IFNG; IFNK; IFNW1; IGF1; IHH; IL10; IL11; IL12A; IL12B; IL13; IL15; IL16; IL17A; IL17B; IL17C; IL17D; IL17F; IL18; IL19; IL1A; IL1B; IL1F10; IL36RN; IL36A; IL37; IL36B; IL36G; IL1RN; IL2; IL20; IL22; IL23A; IL24; IL25; IL26; IL3; IL34; IL4; IL5; IL6; IL7; IL9; INHA; INHBA; INHBB; INHBC; INHBE; INS; INSL3; INSL5; INSL6; ISM1; ISM2; KITLG; LEFTY1; LEFTY2; LEP; LIF; LTA; LTB; MDK; MEGF10; MEGF11; MEGF6; MEGF8; MEGF9; MST1; MST1L; MSTN; NGF; NODAL; NRG1; NRG2; NRG3; NRG4; NRTN; NTF3; OSM; PDGFA; PDGFB; PDGFC; PDGFD; PF4; PF4V1; PGF; PIK3IP1; PPBP; PRL; PSPN; PTN; RPTN; S100A1; S100A10; S100A11; S100A12; S100A13; S100A14; S100A16; S100A2; S100A3; S100A4; S100A5; S100A6; S100A7A; S100A8; S100A9; S100B; S100G; S100P; S100Z; SCUBE1; SCUBE2; SCUBE3; SFRP1; SFRP2; SFRP4; SFRP5; SHH; TCHH; TGFA; TGFB1; TGFB2; TGFB3; THPO; TNF; TNFSF10; TNFSF11; TNFSF12; TNFSF13B; TNFSF14; TNFSF15; TNFSF18; TNFSF4; TNFSF8; TNFSF9; TPO; VEGFA; VEGFB; VEGFC; WFIKKN1; WFIKKN2; WIF1; WNT1; WNT10A; WNT10B; WNT11; WNT16; WNT2; WNT2B; WNT3; WNT4; WNT5A; WNT5B; WNT6; WNT7A; WNT7B; WNT8A; WNT8B; WNT9B; XCL1; ZFP91"
"ALK_DN.V1_DN","IFI27; RHO; SEMA7A; PCDH8; IFI6; CTRC; EGFL6; HPX; GRM2; EFHD1; STUB1; KCNN4; MAEA; NMNAT2; ABHD8; SPTB; IFI44L; NAT2; MYL10; CAMK2A; GPR162; TEX13A; FOS; GPA33; PYY; PSORS1C1; OR1D2; CST4; SERPINF2; PAX1; SLC28A2; IRF9; THSD4; AQP3; IGFBP6; CEP41; CTF1; CCR8; CHRM4; MX1; PRPH; FOXA1; DPEP1; CNTNAP2; TRIM17; LGR5; SERPINI2; DLGAP2; MYH1; PENK; ATP2C2; CD300C; ADORA3; CEACAM6; GYPE; PROZ; DOK3; LPAR2; GSG1; HDAC9; ZFYVE26; VPS37B; UTY; PTPRZ1; OLFM4; DOC2A; RBPJL; COL9A3; NDRG2; FXYD6; SEMA3E; UNC93B1; FGL2; USP46; AGRP; RXRG; CRYAB; CEACAM7; KCNJ9; ST8SIA3; TIAM1; GRB7; ANGPTL7; HSPA1L; GCKR; PTPRF; OAS1; OR10J1; P2RX2; VAV1; VAV2; LCN1; KAZN; PPP2R1A; DIO2; DNASE1L2; CLCA1; SLA; ADCY2; FZD8; PRDM14; GABRG2; PRODH; ZBED2; TTC38; EFNA2; PTK2B; CIDEB; CMKLR1; GPX2; CIC; OPRD1; ESRP1; AP1G2; LPA; DNAJA4; ITIH2; CCDC81; GPR45; INPP5D; RTP4; SLC10A1; KCNC3; CASQ2; MTHFR"
"REACTOME_SYNTHESIS_SECRETION_AND_INACTIVATION_OF_GLP1","CDX2; CTNNB1; DPP4; SEC11A; GCG; GNB3; FFAR1; SPCS1; GRP; LEP; PAX6; PCSK1; GNG13; SPCS3; SEC11C; SPCS2"
"PID_VEGFR1_2_PATHWAY","MAPK1; AKAP1; MAP2K2; ROCK1; PRKAA1; PTK2; MAP2K6; PRKCA; KDR; CDH5; MAPK14; FYN; GRB10; GRB2; VEGFA; PIK3R1; CDC42; PTPRJ; HSP90AB1; PRKCB; MAPKAPK2; MAPK11; HGS; PTPN11; ARF1; MYOF; VCL; DNM2; ITGB3; PTPN6; NCK1; FBXW11; CBL; PDPK1; MAP2K1; PRKACA; RAF1; NCK2; SH2D2A; PRKAB1; PRKAG1; VTN; MAP2K3; FLT1; CAMKK2; PIK3CA; PTK2B; PRKAA2; MAPK3; PLCG1; IQGAP1; SRC; ITGAV; GAB1; CTNNB1; PRKCD; AKT1; PTPN2; PAK2; CTNNA1; SHB; HSP90AA1; PXN; NOS3; NEDD4; CAV1; BRAF; FES; RHOA"
"REACTOME_SYNTHESIS_SECRETION_AND_INACTIVATION_OF_GIP","DPP4; SEC11A; GATA4; GIP; FFAR1; SPCS1; ISL1; PAX6; PCSK1; SPCS3; SEC11C; SPCS2"
"PID_ALK2_PATHWAY","TLX2; BMP7; AMHR2; ACVR1; SMAD9; FKBP1A; BMPR2; SMAD5; SMAD4; AMH; SMAD1"
"REACTOME_NEGATIVE_REGULATION_OF_FGFR_SIGNALING","SPRY2; FRS2; KLB; FGF1; FGF2; FGF3; FGF4; FGF5; FGF6; FGF7; FGF8; FGF9; FGF10; FGFR1; FGFR3; FGFR2; FGFR4; FGF20; FGF22; GRB2; PPP2CA; PPP2CB; PPP2R1A; MAPK1; MAPK3; RPS27A; SRC; BRAF; UBA52; FGF23; MKNK1; CBL; FGF18; FGF17; KL; FGF19"
"REACTOME_INHIBITION_OF_INSULIN_SECRETION_BY_ADRENALINE_NORADRENALINE","GNB5; ADCY5; ADCY6; ADRA2A; GNAI1; GNAI2; GNAO1; GNB1; GNB2; GNB3; GNG3; GNG4; GNG5; GNG7; GNG11; GNGT1; GNGT2; GNG13; GNG2; GNG12; GNB4; CACNB2; CACNB3; GNG8"
"REACTOME_HIGHLY_CALCIUM_PERMEABLE_POSTSYNAPTIC_NICOTINIC_ACETYLCHOLINE_RECEPTORS","CHRNA1; CHRNA2; CHRNA3; CHRNA4; CHRNA5; CHRNB2; CHRNB3; CHRNB4; CHRNA9; CHRNA6"
"BIOCARTA_IGF1R_PATHWAY","HRAS; RAF1; SHC1; PRKAR2B; MAP2K1; PRKACB; PRKACG; AKT1; PIK3CA; IGF1R; GRB2; PRKAR1A; PRKAR2A; PRKAR1B; ADCY1; IRS1; MAPK3; YWHAH; BAD; PIK3R1; SOS1; RPS6KA1; MAPK1"
"REACTOME_SIGNALING_BY_FGFR_MUTANTS","FRS2; CPSF6; CNTRL; FGFR1OP; CUX1; FGF1; FGF2; FGF3; FGF4; FGF5; FGF6; FGF7; FGF8; FGF9; FGF10; FGFR1; FGFR3; FGFR2; FGFR4; GAB1; FGFR1OP2; FGF20; FGF22; GRB2; HRAS; KRAS; NRAS; PIK3CA; PIK3R1; PLCG1; BCR; SOS1; STAT1; STAT3; STAT5A; STAT5B; ZMYM2; FGF23; TRIM24; FGF18; FGF17; GAB2"
"MEK_UP.V1_UP","CYP1A1; CEACAM5; AKR1B10; COL5A2; SGPP1; ALDH1A3; CYP1B1; S100A6; UPK2; MEF2C; EPAS1; CEACAM6; ALDH3A1; FGFR3; S100P; CLMN; ASPH; PTGER4; DUSP4; SLC2A10; CXADR; TNFRSF21; PPARG; LOXL1; BACE2; GALNT12; KRT81; PKIA; TGFBI; EGLN3; EPHA2; TBC1D8; OPN3; ATXN1; GABBR2; PDK4; CAPN2; ENO2; ST13; PTPRE; SH3GLB2; LRP8; IGF2BP2; FADS2; KRT7; PTMS; CXCR4; ABCC4; CADPS2; AQP3; AKR1C3; SLC6A6; GNE; ARHGDIB; LIMCH1; CCNJL; WNT11; TTC9; MYO1D; SLC9A6; SPTBN2; RAI2; TNS3; LRP5; TMPRSS4; SGCE; CSGALNACT1; F2RL1; CLDN9; MAP3K9; SLC12A2; SDCBP; ABCG1; SCCPDH; SORL1; SLC2A6; GPX3; CBLB; TNFRSF11B; MAN1A1; BCAM; FERMT2; ABCC3; FOSL1; MAOA; ALDH4A1; COTL1; B3GNT3; MPZL2; ETV5; TIMP2; RAI14; CAPN5; AKR1C2; NPC2; TRIM29; NT5DC2; PCDH1; EPHX1; BCL3; ITGB4; BMP7; EDN1; TUBB2A; PCDH9; GOLM1; SIX2; PACS1; ACSL1; RAB5C; PDLIM7; GDF15; ST6GALNAC2; PTPRU; CRLF1; FGB; RAB8B; EPHA1; LAMC1; CORO1A; NT5C2; DBNDD1; GPX2; C1orf115; GCNT1; CHKA; CAMK2N1; PACSIN3; KLF4; VASP; ARL4C; ELL2; ANGPTL4; FLVCR2; IL4R; PTK7; CDC42BPB; SAMD4A; PEG10; SLC7A11; TNFAIP8; APOD; PRKCH; UPK1A; AGAP1; RFTN1; TGFB1I1; CUEDC1; MYO5A; C11orf95; EFHD2; CRAT; PARM1; L1CAM; NUMB; EHBP1L1; TP53I11; NEDD9; ADM; ULBP2; ST3GAL4; FHL1; MXRA7; NME4; SPTLC2; SPAG1; PPP1R13B; GAL; STRN4; KCNN4; VWA1; MICAL2; LGALSL; PTOV1; SEPT10; POR; CLDN4; PLAU; ARRB1; CHST11; SCAMP4"
"REACTOME_N_GLYCAN_TRIMMING_IN_THE_ER_AND_CALNEXIN_CALRETICULIN_CYCLE","MAN1B1; GANAB; PDIA3; EDEM2; UGGT2; PRKCSH; UGGT1; MOGS; EDEM3; CALR; CANX; EDEM1; MLEC"
"PID_ALK1_PATHWAY","MAPK1; FKBP1A; SMAD1; GDF2; TGFB1; ID1; TLX2; ACVR1; SMAD9; ACVR2B; CAV1; BMPR2; SMAD4; ARRB2; MAPK3; SMAD7; ACVR2A; ENG; ACVRL1; SMAD5; TGFB3; PPP1CA; INHBA; CSNK2B; TGFBR1; TGFBR2"
"REACTOME_INCRETIN_SYNTHESIS_SECRETION_AND_INACTIVATION","CDX2; CTNNB1; DPP4; SEC11A; GATA4; GCG; GIP; GNB3; FFAR1; SPCS1; GRP; ISL1; LEP; PAX6; PCSK1; GNG13; SPCS3; SEC11C; SPCS2"
"REACTOME_SHC1_EVENTS_IN_EGFR_SIGNALING","EGF; EGFR; GRB2; HRAS; KRAS; NRAS; MAPK1; MAPK3; MAP2K1; MAP2K2; RAF1; SHC1; SOS1; YWHAB; CDK1"
"REACTOME_SIGNALING_BY_FGFR","AKT3; SPRY2; CDKN1A; CDKN1B; ADCY1; ADCY2; FRS3; FRS2; ADCY3; ADCY5; ADCY6; ADCY7; ADCY8; CHUK; ADCY9; THEM4; CREB1; KLB; ADCY4; AKT1; AKT2; FGF1; FGF2; FGF3; FGF4; FGF5; FGF6; FGF7; FGF8; FGF9; FGF10; FGFR1; FGFR3; FGFR2; FGFR4; FOXO1; FOXO3; PHLPP1; MTOR; RICTOR; GAB1; FGF20; FGF22; GRB2; GSK3A; NR4A1; HRAS; ITPR2; ITPR3; KRAS; MDM2; FOXO4; NRAS; PDE1A; PDE1B; PDPK1; PIK3CA; PIK3R1; PLCG1; IL17RD; PPP2CA; PPP2CB; PPP2R1A; PRKACA; PRKACB; PRKACG; PRKAR1A; PRKAR1B; PRKAR2A; PRKAR2B; PRKCA; PRKCD; PRKCE; PRKCG; MAPK1; MAPK3; MAP2K1; MAP2K2; BAD; PTEN; TRIB3; RAF1; RPS6KB2; RPS27A; MLST8; SHC1; SOS1; SRC; BRAF; TSC2; UBA52; YWHAB; MAPKAP1; CALM1; CALM2; FGF23; CALM3; CAMK4; CASP9; AKT1S1; MKNK1; CBL; FGF18; FGF17; KL; CDK1; FGF19"
"BIOCARTA_GSK3_PATHWAY","WNT1; TIRAP; RELA; GSK3B; EIF2AK2; CTNNB1; GNAI1; GJA1; MYD88; FZD1; LBP; TOLLIP; PPP2CA; LEF1; IRAK1; CCND1; APC; PDPK1; LY96; DVL1; AKT1; PIK3CA; CD14; TLR4; AXIN1; NFKB1; PIK3R1"
"REACTOME_SYNTHESIS_SECRETION_AND_DEACYLATION_OF_GHRELIN","SEC11A; GCG; GH1; SPCS1; INS; LEP; PCSK1; GHRL; BCHE; SPCS3; PLA2G7; SEC11C; KLF4; SPCS2"
"REACTOME_FGFR4_LIGAND_BINDING_AND_ACTIVATION","FGF1; FGF2; FGF4; FGF6; FGF8; FGF9; FGFR4; FGF20; FGF23; FGF18; FGF17; FGF19"
"REACTOME_SIGNALING_BY_FGFR3_MUTANTS","FGF1; FGF2; FGF4; FGF5; FGF8; FGF9; FGFR3; FGF20; FGF23; FGF18; FGF17"
"REACTOME_REGULATION_OF_INSULIN_SECRETION_BY_ACETYLCHOLINE","CHRM3; PLCB1; GNA11; GNA15; MARCKS; PLCB2; PLCB3; PRKCA; GNA14"
"REACTOME_CALNEXIN_CALRETICULIN_CYCLE","MAN1B1; GANAB; PDIA3; EDEM2; UGGT2; PRKCSH; UGGT1; EDEM3; CALR; CANX; EDEM1"
"REACTOME_CLASS_B_2_SECRETIN_FAMILY_RECEPTORS","CALCRL; RAMP2; RAMP1; RAMP3; GNB5; FZD10; PTH2; ADCYAP1; ADCYAP1R1; ADM; CRH; CRHR2; CD55; FZD2; GCG; GCGR; GHRH; GHRHR; GIP; GIPR; GLP1R; GNAS; GNB1; GNB2; GNB3; GNG3; GNG4; GNG5; GNG7; GNG11; GNGT1; GNGT2; IAPP; IHH; DHH; WNT16; GNG13; GNG2; WNT4; GNG12; PTCH1; PTH; PTHLH; PTH1R; PTH2R; GNB4; SCT; SCTR; SHH; SMO; VIP; VIPR1; VIPR2; WNT1; WNT2; WNT3; WNT5A; WNT6; WNT7A; WNT7B; WNT8B; WNT10B; WNT11; WNT2B; WNT9B; FZD5; CALCA; CALCB; FZD3; ADM2; WNT10A; FZD1; FZD4; FZD6; FZD7; FZD8; FZD9; PTCH2; GLP2R; GNG8"
"REACTOME_FGFR2C_LIGAND_BINDING_AND_ACTIVATION","FGF1; FGF2; FGF4; FGF5; FGF6; FGF8; FGF9; FGFR2; FGF20; FGF23; FGF18; FGF17"
"PID_RETINOIC_ACID_PATHWAY","PRKCA; RARA; MAPK3; RARG; AKT1; MNAT1; PRKCG; NCOR2; HDAC1; PRKACA; RARB; CCNH; CDK1; NCOA2; RXRB; HDAC3; NCOA3; NRIP1; MAPK14; RBP1; CREBBP; MAPK8; KAT2B; EP300; MAPK1; VDR; RXRA; RXRG; CDK7; NCOA1"
"EGFR_UP.V1_DN","NPY1R; GFRA1; GREB1; MSMB; DLC1; MYB; SLC6A14; IFI44; IFI44L; IRS1; CYBA; GULP1; EGR3; FAM50A; MDK; BCL2; IFI27; GALC; WISP2; IFI6; EFHD1; HIST1H2BH; ARMCX1; PRKACB; HIST1H2BE; ID2; TTC39A; BTG3; OSR2; ADD3; TCN1; KIF5C; HIST1H2BG; SYCP2; ZNF107; KIAA1324; HIST1H2BF; FTO; CALB2; EFNB2; ZNF43; SPTBN1; POLI; XK; HIST1H4H; CELSR2; RNF43; SGCB; ASCL1; PCYOX1; NRIP1; INPP5F; RHOBTB3; ELOVL5; SLC27A3; DCAF6; MICB; CLK4; HIST1H1C; PEG10; DTL; APBB2; MATN2; MFF; HIST1H2BI; POT1; PTBP2; HERC6; C16orf45; EIF2S3; DEPDC1; ANK3; WIPF1; DDX60; SLC1A1; DERA; CSTA; PRR15L; SGCG; HSPA4L; PDCD4; IGF1R; FANCL; OVOL2; SMAD7; BRIP1; GTF2I; BDH1; COL9A3; ELF5; SOX3; CAV1; NDUFA5; EZH2; AGL; TMPRSS3; CTSH; SIGMAR1; BST2; IAPP; ARMC9; E2F8; TRIM24; CHN1; BDKRB2; ELOVL2; SNX7; PGR; HIST1H2BD; NMU; CBR4; ZSCAN18; CADM1; NCAPG2; KIF11; ABLIM1; LLGL2; PSPH; DMXL2; CASP6; HIST1H2AE; TMEM106B; NUP205; GRB10; ENPP4; MOCOS; MAFB; CDKN2AIP; C9orf3; CBFA2T3; ALG13; TSC22D3; MPDZ; CALCR; MEX3D; CPE; ANXA9; ARL3; TSPAN5; DNAJC12; GPATCH1; PCMTD2; PRR7; RASGRP1; CYP26B1; KRIT1; ZNF273; PDLIM3; PRPF6; PRKD3; BAZ2B; NET1; HIRA; RFWD3; SH3GLB2; LTBP1; TAF12; LTN1; EPS8; SATB2; TBL1XR1; RUFY1; TMEM187; SLC39A8; ID1; BRCC3; PHF20; ANGEL2; RPP25; NME3; HEBP1; STIL; EPB41L2; ATF7IP; SLC27A2; METTL3; GOLGA8A"
"REACTOME_SIGNALING_BY_FGFR_IN_DISEASE","AKT3; SPRY2; CDKN1A; CDKN1B; ADCY1; ADCY2; FRS3; FRS2; ADCY3; CPSF6; CNTRL; ADCY5; FGFR1OP; ADCY6; ADCY7; ADCY8; CHUK; ADCY9; THEM4; CREB1; CUX1; KLB; ADCY4; AKT1; AKT2; FGF1; FGF2; FGF3; FGF4; FGF5; FGF6; FGF7; FGF8; FGF9; FGF10; FGFR1; FGFR3; FGFR2; FGFR4; FOXO1; FOXO3; PHLPP1; MTOR; RICTOR; GAB1; FGFR1OP2; FGF20; FGF22; GRB2; GSK3A; NR4A1; HRAS; ITPR2; ITPR3; KRAS; MDM2; FOXO4; NRAS; PDE1A; PDE1B; PDPK1; PIK3CA; PIK3R1; PLCG1; IL17RD; PPP2CA; PPP2CB; PPP2R1A; PRKACA; PRKACB; PRKACG; PRKAR1A; PRKAR1B; PRKAR2A; PRKAR2B; PRKCA; PRKCD; PRKCE; PRKCG; MAPK1; MAPK3; MAP2K1; MAP2K2; BAD; PTEN; TRIB3; RAF1; BCR; RPS6KB2; RPS27A; MLST8; SHC1; SOS1; SRC; BRAF; STAT1; STAT3; STAT5A; STAT5B; TSC2; UBA52; YWHAB; ZMYM2; MAPKAP1; CALM1; CALM2; FGF23; CALM3; CAMK4; CASP9; AKT1S1; MKNK1; CBL; TRIM24; FGF18; FGF17; KL; CDK1; GAB2; FGF19"
"REACTOME_SIGNALING_BY_FGFR1_MUTANTS","CPSF6; CNTRL; FGFR1OP; CUX1; FGF1; FGF2; FGF4; FGF5; FGF6; FGF8; FGF9; FGFR1; FGFR1OP2; FGF20; GRB2; PIK3CA; PIK3R1; PLCG1; BCR; STAT1; STAT3; STAT5A; STAT5B; ZMYM2; FGF23; TRIM24; FGF17; GAB2"
"REACTOME_SIGNALING_BY_FGFR1_FUSION_MUTANTS","CPSF6; CNTRL; FGFR1OP; CUX1; FGFR1OP2; GRB2; PIK3CA; PIK3R1; PLCG1; BCR; STAT1; STAT3; STAT5A; STAT5B; ZMYM2; TRIM24; GAB2"
"EGFR_UP.V1_UP","FGG; GBP1; TNFRSF11B; FGB; GJA1; DUSP6; S100A9; ADM; ITGB6; DUSP4; GCNT1; A2M; ASPH; CYP1B1; TNFAIP8; CSGALNACT1; LPAR6; GLRX; EPAS1; MMP1; PLAC1; RND1; CEACAM6; INHBA; IGF2BP2; PTPRE; TNFRSF21; F2RL1; IRF1; CEBPD; MPZL2; ETS2; ELL2; EGLN3; S100A8; EGFR; RCAN1; LIF; LOXL2; ATXN1; EXT1; DRAM1; CXADR; CLDN1; PLAGL1; GAL; MGAT4A; PCDH9; CAPN2; CYR61; SDCBP; IDO1; MIR22HG; ETV5; VAV3; CCL2; MAP3K5; ELK3; SGPP1; CYP27B1; PDE4B; CASP7; ZNF281; SLC7A11; TNS3; SLCO2A1; FERMT2; DUSP5; KRT81; COTL1; TFPI; HBEGF; SNX16; ISG20; SPAG1; MAOA; SAMD4A; FHOD1; SEL1L3; TAP1; RNF19A; IL4R; PSMB9; WIPI1; WNT5A; ABCC3; AKAP12; GCLM; SOCS2; CCDC68; MBNL2; KTN1; FADS3; CCL22; PGM3; SLC4A7; KRT7; IFIT3; TUBB2A; FNDC3B; IL1R1; TBC1D8; KCNS3; HK2; GBP2; BCL3; CRISPLD2; EDN1; RHOQ; TGFB2; SEPT10; SEC23A; BACE2; SAT1; GABBR2; APOBEC3B; IQCG; IL15RA; SOD2; PAPSS2; ANGPTL4; BMP7; PSMB10; P2RY6; ATF3; GK; ACTG2; LRP8; ALAS1; SLC9A6; ARAP2; RAB27A; FGFR3; TMEM45A; TAF1A; HSPA2; MMP10; TNNT1; RGS16; PHLDA1; ICAM1; AOX1; SCCPDH; HOMER1; NT5C2; PMAIP1; CBLB; KLF4; MAP2K4; ARID5B; ENPP1; ITGA2; SLC12A2; ARFGAP3; NFKB2; JUNB; CADPS2; TMEM121; SPTLC2; RPS6KA3; S100P; SNAPC1; ETHE1; IMPA1; LPP; PIGA; LHFPL2; LPIN1; MGLL; ITGA3; ARNT2; CTNNAL1; CTGF; HIVEP2; PDLIM7; COL5A2; NFIL3; SGMS1"
"REACTOME_FGFR1_LIGAND_BINDING_AND_ACTIVATION","FGF1; FGF2; FGF3; FGF4; FGF5; FGF6; FGF8; FGF9; FGF10; FGFR1; FGF20; FGF22; FGF23; FGF17"
"REACTOME_SIGNALING_BY_ACTIVATED_POINT_MUTANTS_OF_FGFR1","FGF1; FGF2; FGF4; FGF5; FGF6; FGF8; FGF9; FGFR1; FGF20; FGF23; FGF17"
"KEGG_RETINOL_METABOLISM","RPE65; CYP3A5; CYP4A11; CYP3A4; RDH8; DHRS3; CYP2C18; ADH1B; ADH1C; ADH4; ADH5; DGAT2; ADH1A; RDH10; CYP26A1; CYP2C9; CYP2C19; CYP2C8; CYP2B6; UGT2A3; CYP2A13; CYP3A7; CYP26B1; DHRS9; DGAT1; UGT1A8; UGT1A6; ALDH1A1; RETSAT; RDH12; LRAT; RDH11; CYP2A6; CYP2A7; CYP1A1; CYP1A2; ADH7; ADH6; ALDH1A2; CYP3A43; RDH16; PNPLA4; UGT2B4; UGT2B17; UGT2B15"
"REACTOME_E2F_ENABLED_INHIBITION_OF_PRE_REPLICATION_COMPLEX_FORMATION","ORC6; ORC3; ORC1; ORC2; ORC4; ORC5; MCM8; CCNB1; CDK1; CDC25A"
"PID_VEGFR1_PATHWAY","RASA1; PIK3R1; MAPK3; PRKCA; NCK1; AKT1; CBL; FLT1; PIK3CA; NRP2; CD2AP; PLCG1; VEGFA; SHC2; VEGFB; PRKCB; MAPK1; PDPK1; NOS3; HIF1A; PRKACA; PGF; CAV1; PTPN11; HSP90AA1; NRP1"
"REACTOME_ACTIVATED_POINT_MUTANTS_OF_FGFR2","FGF1; FGF2; FGF3; FGF4; FGF5; FGF6; FGF7; FGF8; FGF9; FGF10; FGFR2; FGF20; FGF22; FGF23; FGF18; FGF17"
"REACTOME_REGULATION_OF_INSULIN_SECRETION_BY_GLUCAGON_LIKE_PEPTIDE1","RAPGEF3; GNB5; RAPGEF4; ADCY5; ADCY6; ADCY8; KCNG2; GCG; GLP1R; GNAS; GNB1; GNB2; GNB3; GNG3; GNG4; GNG5; GNG7; GNG11; GNGT1; GNGT2; ITPR2; ITPR3; KCNB1; KCNC2; KCNS3; GNG13; GNG2; PRKACA; PRKACB; PRKACG; PRKAR1A; PRKAR1B; PRKAR2A; PRKAR2B; GNG12; RAP1A; GNB4; IQGAP1; GNG8; AKAP5"
"MEK_UP.V1_DN","NPY1R; IFIT1; MGP; GREB1; GFRA1; TM4SF1; IFI27; HSPB8; KCTD3; DDX58; BST2; DLC1; SLC6A14; RHOBTB3; PRKAR2B; UBE2L6; IFI44; EGR3; IFI6; MYB; SLC26A2; IFIH1; LRIG1; SP110; IFI44L; SGCG; RPRD1A; HERC6; MSMB; ID2; AUTS2; OAS1; DDX60; KIAA1324; KIF5C; HIST1H1C; BCL2; HIST1H2BG; IRF7; SATB2; WISP2; ASS1; ARMCX1; APBB2; FTO; ARMCX3; OAS3; MYLK; ISG15; AGL; HIST1H2BH; ZNF107; STXBP3; MOCOS; C9orf3; TFPI; MYBL1; UBA3; IFIT5; TCN1; SMPDL3A; POLI; NRIP1; PRPF38B; MYC; PTBP2; ABCA12; HIST1H2BE; ATF1; FASTKD1; GOLGA8A; ABLIM1; C16orf45; IFI35; QPRT; SMAD7; ANXA9; HIST1H4H; RMND1; TTC39A; AMIGO2; MPDZ; ASCL1; CYP26B1; OAS2; IGF1R; SNX10; NOL8; S100A8; ZNF140; JAK2; SYCP2; CSTA; OXSM; IRF9; IFITM1; SLC35A5; RNF43; PDCD4; PMS1; SEC24D; MTIF2; CALB2; ALG13; PTER; ELOVL6; ELOVL5; PSPH; TDRD7; SLC16A6; CHN1; HSPA4L; GOLGA4; INPP5F; GNL2; F12; LIN7C; ARMCX5; ZNF652; LSM7; DCAF6; CBR4; HIRA; BAZ2B; IFT57; TOP2B; MAFB; RASGRP1; TFPI2; PLBD1; ZBTB10; ZNF84; MOCS2; LTN1; NGLY1; HIST1H2BI; BLNK; ATF3; ATP8B1; ACTR6; SP100; PCP4; CASP8; RSBN1; LPGAT1; METTL3; ZNF43; IAPP; INPP4B; POT1; RALGAPA1; UTP14A; INSIG2; CALCR; OASL; PGR; MINPP1; SAMHD1; TAF2; JMJD1C; ANGEL2; GALC; CETN3; MAN1A2; AQR; COL9A3; HIST1H2AE; TCF12; WIPF1; TAP1; TRIM14; HIST1H2BF; SOX3; PRMT3; NPEPPS; FKTN; GDAP1; NDUFAF1"
"REACTOME_REGULATION_OF_INSULIN_SECRETION","RAPGEF3; CDX2; GNB5; RAPGEF4; ADCY5; ADCY6; CHRM3; ADCY8; CTNNB1; ADRA2A; DPP4; PLCB1; SEC11A; KCNG2; GATA4; GCG; GIP; GLP1R; GNA11; GNA15; GNAI1; GNAI2; GNAO1; GNAS; GNB1; GNB2; GNB3; GNG3; GNG4; GNG5; GNG7; GNG11; GNGT1; GNGT2; FFAR1; SPCS1; SLC25A4; SLC25A5; GRP; SLC25A6; INS; ISL1; ITPR2; ITPR3; KCNB1; KCNC2; KCNJ11; KCNS3; LEP; MARCKS; PAX6; PCSK1; GNG13; PLCB2; PLCB3; GNG2; PRKACA; PRKACB; PRKACG; PRKAR1A; PRKAR1B; PRKAR2A; PRKAR2B; PRKCA; GNG12; RAP1A; GNB4; SPCS3; SLC2A1; SLC2A2; SNAP25; STX1A; STXBP1; ABCC8; VAMP2; SYT5; CACNA1A; CACNB2; CACNB3; IQGAP1; SEC11C; GNG8; AKAP5; GNA14; SPCS2"
"BIOCARTA_EGFR_SMRTE_PATHWAY","NCOR2; ZBTB16; MAP3K1; MAPK14; EGFR; MAP2K1; THRB; THRA; RARA; RXRA; EGF"
"PID_VEGF_VEGFR_PATHWAY","FLT1; VEGFA; PGF; NRP2; KDR; FLT4; VEGFB; NRP1; VEGFC"
"SRC_UP.V1_UP","FOS; TMEFF2; TONSL; SRC; SH3BGR; FMN2; CLDN9; DUOXA2; AGPAT3; TOX3; ATP6V1E1; CEACAM19; LINC00112; NYX; COL4A4; MATK; GINS2; KCNQ1DN; LAMP3; FGF23; RPRM; WTIP; SLC26A1; VPS37D; PDZD7; LGI4; PRADC1; SLC35F4; MAMDC4; FUT5; ETV7; SMO; NAT8L; SRMS; LYZL4; PRR3; PCP4; KCNH3; HPX; MORN3; MLXIPL; MRPS34; TM4SF5; DYRK4; DTX2; RNASE1; ICAM5; C2orf73; FOXO4; ACY3; MIOX; QPCTL; BAHD1; A1BG-AS1; VN1R2; IRF8; ATOX1; PIN1; SYN1; GALK1; TMEM88; GPX5; PI16; SLC4A9; CCDC65; CAPS; SLC25A22; TFR2; FES; COX4I2; STAC3; GRWD1; C19orf73; CPLX2; APOA5; LELP1; MBD3L1; MED10; FNDC8; POU3F2; CLIP3; TMEM11; FBLN2; FNDC4; HDLBP; TMUB1; AAAS; MMP16; SOCS1; DNAJC22; PRPS1L1; VWA3B; GP2; TRIM15; DCLRE1A; FBXO44; SLC22A6; ABTB1; TTC21A; NPC1L1; ANGPTL6; AIM2; TTC25; CRTAC1; BMF; STAB2; BCL2; OR1F1; DLL3; OPRL1; TMSB4Y; GPR55; SCARF2; MAPK8IP2; NEU1; ASPSCR1; SULT4A1; RFXANK; PIK3R5; TMEM106C; LPO; CD70; GPR15; ATP8A2; ESR2; LAMC3; NAALADL1; PPP1R3B; RAB3A; PACSIN3; ACAP1; UBIAD1; APBA1; IGFALS; TCEAL3; LYVE1; APC2; CHCHD10; HMX1; AADAC; RARRES3; LEKR1; CALML5; TAF3; LCE3D; PFKFB1; TECTA; SEC11C; CABP2; SMTNL1; YIF1B"
"REACTOME_SIGNALING_BY_CONSTITUTIVELY_ACTIVE_EGFR","CDC37; EGF; EGFR; GAB1; GRB2; HRAS; HSP90AA1; KRAS; NRAS; PIK3CA; PIK3R1; PLCG1; RPS27A; SHC1; SOS1; UBA52; CBL"
"REACTOME_SIGNALING_BY_EGFR_IN_CANCER","AKT3; ADAM10; SPRY1; SPRY2; STAM2; CDKN1A; CDKN1B; ADCY1; ADCY2; ADCY3; ADCY5; CDC37; ADCY6; ADCY7; ADCY8; CHUK; ADCY9; THEM4; AP2M1; AP2S1; CLTA; CLTC; CREB1; CSK; AP2A1; AP2A2; AP2B1; EGF; EGFR; ADCY4; EPS15; AKT1; AKT2; FOXO1; FOXO3; PHLPP1; MTOR; RICTOR; GAB1; LRIG1; GRB2; GSK3A; EPN1; SH3KBP1; NR4A1; HRAS; HSP90AA1; ITPR2; ITPR3; KRAS; MDM2; FOXO4; NRAS; PDE1A; PDE1B; PDPK1; PIK3CA; PIK3R1; PLCG1; PRKACA; PRKACB; PRKACG; PRKAR1A; PRKAR1B; PRKAR2A; PRKAR2B; PRKCA; PRKCD; PRKCE; PRKCG; PAG1; MAPK1; MAPK3; MAP2K1; MAP2K2; BAD; PTEN; TRIB3; EPS15L1; RAF1; RPS6KB2; RPS27A; MLST8; SH3GL2; SHC1; SOS1; SRC; ADAM17; TSC2; UBA52; YWHAB; MAPKAP1; CALM1; STAM; ADAM12; CALM2; CALM3; CAMK4; CASP9; AKT1S1; CBL; HGS; CDK1; CDC42"
"PID_HDAC_CLASSII_PATHWAY","TUBB2A; RANGAP1; NCOR2; HDAC9; HDAC5; YWHAB; GATA2; BCOR; GNG2; YWHAE; HDAC7; RANBP2; HDAC3; ANKRA2; ESR1; NR3C1; HDAC11; GNB1; GATA1; SUMO1; BCL6; MEF2C; SRF; UBE2I; HDAC6; HSP90AA1; HDAC10; RFXANK; XPO1; CAMK4; HDAC4; TUBA1B"
"BIOCARTA_HDAC_PATHWAY","MEF2C; MEF2D; CALM2; CAMK1G; MAPK14; MEF2A; CALM1; IGF1; PPP3CC; HDAC5; IGF1R; INS; MYOD1; CABIN1; MAP2K6; AKT1; PPP3CB; PPP3CA; PIK3CA; YWHAH; CALM3; INSR; CAMK1; NFATC2; MAPK7; NFATC1; PIK3CG; PIK3R1"
"REACTOME_DOWNSTREAM_SIGNALING_OF_ACTIVATED_FGFR","AKT3; CDKN1A; CDKN1B; ADCY1; ADCY2; FRS3; FRS2; ADCY3; ADCY5; ADCY6; ADCY7; ADCY8; CHUK; ADCY9; THEM4; CREB1; KLB; ADCY4; AKT1; AKT2; FGF1; FGF2; FGF3; FGF4; FGF5; FGF6; FGF7; FGF8; FGF9; FGF10; FGFR1; FGFR3; FGFR2; FGFR4; FOXO1; FOXO3; PHLPP1; MTOR; RICTOR; GAB1; FGF20; FGF22; GRB2; GSK3A; NR4A1; HRAS; ITPR2; ITPR3; KRAS; MDM2; FOXO4; NRAS; PDE1A; PDE1B; PDPK1; PIK3CA; PIK3R1; PLCG1; PRKACA; PRKACB; PRKACG; PRKAR1A; PRKAR1B; PRKAR2A; PRKAR2B; PRKCA; PRKCD; PRKCE; PRKCG; MAPK1; MAPK3; MAP2K1; MAP2K2; BAD; PTEN; TRIB3; RAF1; RPS6KB2; MLST8; SHC1; SOS1; TSC2; YWHAB; MAPKAP1; CALM1; CALM2; FGF23; CALM3; CAMK4; CASP9; AKT1S1; FGF18; FGF17; KL; CDK1; FGF19"
"SRC_UP.V1_DN","PLAT; UTS2R; LFNG; MMP1; PIK3C2B; NOL12; SLC2A6; TGM5; GJB6; MMP10; ZBED2; PPIL1; IRAK2; RAP1A; CLCA4; NFKBIE; ADA; S100A9; LYPD3; MEGF6; ARSJ; MCM5; PLK4; COBL; NID2; NYNRIN; C17orf64; PRR19; LIG1; TMOD1; IL7R; GDPD3; IFI6; ZNF721; PC; SOAT1; ABHD3; ACTL6A; ADH4; CXCL5; ZNF135; MON1A; SLC7A14; CENPH; DPYD; CAPN12; ARRDC3; HOXB2; MYSM1; GINS1; SPNS3; RTN4IP1; POLR1A; PCDH19; RARA; NRP1; CTDP1; GRID1; IFITM10; IVL; CHAC2; B3GNT3; ATAD2; CDCA7; EREG; FAM173B; ZNF451; MAP3K6; E2F8; ZNF3; DGCR11; TMCO2; IRGC; SERPINB2; MCM4; EMB; PTBP2; CSAD; DTWD1; SYT1; SUV39H2; FANCL; S1PR3; SH3TC2; C8B; DISP2; GFRA3; PRSS33; CA7; RNF220; NPY5R; ZNF436; COQ4; TREML1; MN1; PHLDA2; PCDHB4; STK17B; CWH43; SPRR1B; HS3ST3A1; RCBTB2; MCM3; RACGAP1; KIAA1841; UNC119; PAK3; SEMA6B; ARL15; TTC14; IFIT1; DCAF17; ZNF628; COMMD9; ANO7; C1orf159; RAB33B; CPPED1; NBEAL1; MIR17HG; PKP2; STARD3; PIK3C2G; MMP3; RRN3; POP1; CARD16; IRX5; DISC1; SLC12A5; SPDYE1; OTUD6B; ZNF789; RNF168; SNX32; ST8SIA2; FRMD4B; PTGER4; RFTN1; SCRN2; NLRP8; EZH2; SYT15; TMEM14A"
"BIOCARTA_HER2_PATHWAY","ERBB4; HRAS; IL6R; ERBB3; STAT3; IL6ST; RAF1; SHC1; EP300; EGFR; MAP2K1; ESR1; PIK3CA; CARM1; GRIP1; GRB2; MAPK3; PIK3CG; PIK3R1; IL6; SOS1; MAPK1"
"PID_HDAC_CLASSI_PATHWAY","MBD3; CREBBP; SIN3A; CHD3; SMAD7; STAT3; TNFRSF1A; PRKACA; MXD1; SIRT2; WDR77; FKBP3; SUMO1; SIRT5; YY1; NCOR2; HDAC6; RANGAP1; HDAC1; RANBP2; RELA; NR2C1; HDAC9; RBBP4; RBBP7; HDAC3; NCOR1; SMURF1; SMG5; KAT2B; ZFPM1; HDAC10; HDAC4; MBD2; PRMT5; MTA2; NFKB1; NFKBIA; TFCP2; UBE2I; PPARG; MAX; CHD4; TNF; GATAD2B; SIRT3; SIRT4; HDAC2; GATA2; SAP18; HDAC11; SIN3B; XPO1; SAP30; SIRT6; SIRT1; GATA1; HDAC7; SIRT7; GATAD2A; SSPO; EP300; HDAC8; HDAC5"
"ALK_DN.V1_UP","DDIT4; SLC7A11; INHBE; FGF21; VNN2; GRM1; TRIB3; CTH; VSTM4; CHAC1; GRPR; NTRK1; TREM1; SLC7A5; DMP1; CRYGA; SPP1; PSAT1; OLFML3; DLX6; UNC13A; HLA-DMB; PIK3CG; ADAM28; KYNU; LTC4S; FJX1; EREG; VEGFA; PDZD7; CATSPERG; ARHGAP4; DECR2; VEGFC; KRT81; SCN9A; RIBC2; PYY2; ZNF639; STC2; CH25H; CEBPG; GDF15; RBM17; CFTR; ZNRF4; CA3; TTLL2; THAP3; MLC1; BDKRB2; NFKBIL1; MRAS; FABP2; CCL20; PYGB; AMELY; RRAS; TBL1Y; PCK2; CCR7; ENTPD3; MTHFD2; CES1P1; EPAS1; ETV1; CCL19; OR10H3; LIN28A; CXCL5; STEAP4; LYL1; FLVCR2; PNOC; CARD9; AIF1; SCN1A; PRDM1; BEGAIN; P2RX3; SLC12A8; FMO1; CCNK; FAP; GNAT2; IL1R2; NNAT; AQP7; CXCR5; NOD2; FOXP3; UBQLN3; CTRB2; STMN2; IGLL1; BMPR1B; IL6; FBXL8; SMPX; CLSPN; ACTL6B; ANGPTL4; GNA15; TFEC; TDO2; CHI3L1; RAB9BP1; FBXW4P1; B3GALT4; SLC1A3; ADAM12; SLC1A5; GDF5; AQP9; TBX2; XBP1; HIST3H3; CHST8; BST1; LMX1B; ENPP2; CBS; SLAMF7; SLC6A9; SPACA1; ANGPT2; MPO; GALK1; CSTA; ASNS; SCGB1D1; CA2"
"BIOCARTA_SRCRPTP_PATHWAY","CSK; SRC; CDC25B; CDC25C; PRKCB; GRB2; CDC25A; PRKCA; CCNB1; PTPRA; CDK1"
"REACTOME_RETROGRADE_NEUROTROPHIN_SIGNALLING","DNAL4; AP2M1; AP2S1; CLTA; CLTC; AP2A1; AP2A2; AP2B1; DNM1; DNM2; NGF; NTRK1; SH3GL2"
"PID_HDAC_CLASSIII_PATHWAY","SIRT3; HOXA10; MYOD1; FOXO1; SIRT7; FOXO4; PPARGC1A; CREBBP; HDAC4; BAX; TP53; MEF2D; ACSS1; FHL2; SIRT1; FOXO3; EP300; ACSS2; SIRT2; KAT2B; CDKN1A; HIST1H1E; TUBB2A; TUBA1B"
"BIOCARTA_ALK_PATHWAY","MEF2C; WNT1; NPPB; NPPA; NOG; GSK3B; GATA4; CTNNB1; TGFB2; CHRD; HNF1A; MYL2; TGFB1; FZD1; ATF2; SMAD5; TGFBR3; TGFBR2; TGFBR1; NKX2-5; TGFB3; SMAD6; BMPR2; BMPR1A; ACVR1; RFC1; BMP4; APC; BMP2; MAP3K7; BMP7; DVL1; BMP5; BMP10; AXIN1; SMAD4; SMAD1"
"BIOCARTA_BARRESTIN_SRC_PATHWAY","SRC; HRAS; PLCB1; MAP2K2; RAF1; MAP2K1; GNAS; DNM1; ARRB1; GNGT1; GNB1; ADCY1; MAPK3; HCK; MAPK1"
