"CELL_LINE_NAME","PRIMARY_SITE","HISTOLOGY"
"HEPG2_LIVER","liver","carcinoma"
"MCAS_OVARY","ovary","carcinoma"
"SBC5_LUNG","lung","carcinoma"
"IPC298_SKIN","skin","malignant_melanoma"
"CAPAN2_PANCREAS","pancreas","carcinoma"
"HS766T_PANCREAS","pancreas","carcinoma"
"EFO27_OVARY","ovary","carcinoma"
"A2780_OVARY","ovary","carcinoma"
"IGROV1_OVARY","ovary","carcinoma"
"NCIH211_LUNG","lung","carcinoma"
"SKMEL24_SKIN","skin","malignant_melanoma"
"K029AX_SKIN","skin","malignant_melanoma"
"PANC1005_PANCREAS","pancreas","carcinoma"
"HS695T_SKIN","skin","malignant_melanoma"
"LOUNH91_LUNG","lung","carcinoma"
"TOV21G_OVARY","ovary","carcinoma"
"ASPC1_PANCREAS","pancreas","carcinoma"
"OVSAHO_OVARY","ovary","carcinoma"
"NCIH441_LUNG","lung","carcinoma"
"NCIH2030_LUNG","lung","carcinoma"
"HMCB_SKIN","skin","malignant_melanoma"
"FUOV1_OVARY","ovary","carcinoma"
"MALME3M_SKIN","skin","malignant_melanoma"
"KMS12BM_HAEMATOPOIETIC_AND_LYMPHOID_TISSUE","haematopoietic_and_lymphoid_tissue","lymphoid_neoplasm"
"DBTRG05MG_CENTRAL_NERVOUS_SYSTEM","central_nervous_system","glioma"
"HEYA8_OVARY","ovary","carcinoma"
"NCIH2122_LUNG","lung","carcinoma"
"SW620_LARGE_INTESTINE","large_intestine","carcinoma"
"HCT116_LARGE_INTESTINE","large_intestine","carcinoma"
"VMRCRCZ_KIDNEY","kidney","carcinoma"
"DU145_PROSTATE","prostate","carcinoma"
"L33_PANCREAS","pancreas","carcinoma"
"SKMEL2_SKIN","skin","malignant_melanoma"
"A549_LUNG","lung","carcinoma"
"A172_CENTRAL_NERVOUS_SYSTEM","central_nervous_system","glioma"
"NCIH1975_LUNG","lung","carcinoma"
"COLO679_SKIN","skin","malignant_melanoma"
"HUH1_LIVER","liver","carcinoma"
"MDAMB453_BREAST","breast","carcinoma"
"OV90_OVARY","ovary","carcinoma"
"OVTOKO_OVARY","ovary","carcinoma"
"OVCAR4_OVARY","ovary","carcinoma"
"HLF_LIVER","liver","carcinoma"
"HCT15_LARGE_INTESTINE","large_intestine","carcinoma"
"SF295_CENTRAL_NERVOUS_SYSTEM","central_nervous_system","glioma"
"WM115_SKIN","skin","malignant_melanoma"
"JHH4_LIVER","liver","carcinoma"
"CCK81_LARGE_INTESTINE","large_intestine","carcinoma"
"SJSA1_BONE","bone","osteosarcoma"
"NCIH2228_LUNG","lung","carcinoma"
"RERFLCAI_LUNG","lung","carcinoma"
"SKMES1_LUNG","lung","carcinoma"
"FU97_STOMACH","stomach","carcinoma"
"RL952_ENDOMETRIUM","endometrium","carcinoma"
"J82_URINARY_TRACT","urinary_tract","carcinoma"
"HCC15_LUNG","lung","carcinoma"
"CALU6_LUNG","lung","carcinoma"
"SKLU1_LUNG","lung","carcinoma"
"SW900_LUNG","lung","carcinoma"
"UACC62_SKIN","skin","malignant_melanoma"
"MFE296_ENDOMETRIUM","endometrium","carcinoma"
"GI1_CENTRAL_NERVOUS_SYSTEM","central_nervous_system","glioma"
"A204_SOFT_TISSUE","soft_tissue","rhabdoid_tumour"
"PATU8902_PANCREAS","pancreas","carcinoma"
"NCIH810_LUNG","lung","carcinoma"
"RERFLCMS_LUNG","lung","carcinoma"
"NCIH460_LUNG","lung","carcinoma"
"KYSE140_OESOPHAGUS","oesophagus","carcinoma"
"KYSE180_OESOPHAGUS","oesophagus","carcinoma"
"HUPT3_PANCREAS","pancreas","carcinoma"
"EFE184_ENDOMETRIUM","endometrium","carcinoma"
"SW579_THYROID","thyroid","carcinoma"
"MDAMB468_BREAST","breast","carcinoma"
"TOV112D_OVARY","ovary","carcinoma"
"CAL851_BREAST","breast","carcinoma"
"EFO21_OVARY","ovary","carcinoma"
"A375_SKIN","skin","malignant_melanoma"
"HS294T_SKIN","skin","malignant_melanoma"
"SKMEL5_SKIN","skin","malignant_melanoma"
"HS944T_SKIN","skin","malignant_melanoma"
"PC3_PROSTATE","prostate","carcinoma"
"RT112_URINARY_TRACT","urinary_tract","carcinoma"
"NUGC3_STOMACH","stomach","carcinoma"
"U87MG_CENTRAL_NERVOUS_SYSTEM","central_nervous_system","glioma"
"KMRC2_KIDNEY","kidney","carcinoma"
"WM2664_SKIN","skin","malignant_melanoma"
"KMRC1_KIDNEY","kidney","carcinoma"
"T84_LARGE_INTESTINE","large_intestine","carcinoma"
"CALU1_LUNG","lung","carcinoma"
"LOXIMVI_SKIN","skin","malignant_melanoma"
"NCIH2170_LUNG","lung","carcinoma"
"NCIH2444_LUNG","lung","carcinoma"
"UACC257_SKIN","skin","malignant_melanoma"
"KYSE510_OESOPHAGUS","oesophagus","carcinoma"
"KYSE30_OESOPHAGUS","oesophagus","carcinoma"
"KYSE150_OESOPHAGUS","oesophagus","carcinoma"
"PSN1_PANCREAS","pancreas","carcinoma"
"IGR37_SKIN","skin","malignant_melanoma"
"PANC0403_PANCREAS","pancreas","carcinoma"
"TYKNU_OVARY","ovary","carcinoma"
"EFM19_BREAST","breast","carcinoma"
"MELHO_SKIN","skin","malignant_melanoma"
"G361_SKIN","skin","malignant_melanoma"
"NCIH647_LUNG","lung","carcinoma"
"GMS10_CENTRAL_NERVOUS_SYSTEM","central_nervous_system","glioma"
"HCC44_LUNG","lung","carcinoma"
"KYSE70_OESOPHAGUS","oesophagus","carcinoma"
"GAMG_CENTRAL_NERVOUS_SYSTEM","central_nervous_system","glioma"
"NCIH522_LUNG","lung","carcinoma"
"EN_ENDOMETRIUM","endometrium","carcinoma"
"COLO741_SKIN","skin","malignant_melanoma"
"HDMYZ_HAEMATOPOIETIC_AND_LYMPHOID_TISSUE","haematopoietic_and_lymphoid_tissue","lymphoid_neoplasm"
"NCIH661_LUNG","lung","carcinoma"
"LS411N_LARGE_INTESTINE","large_intestine","carcinoma"
"HCC78_LUNG","lung","carcinoma"
"YKG1_CENTRAL_NERVOUS_SYSTEM","central_nervous_system","glioma"
"ESS1_ENDOMETRIUM","endometrium","carcinoma"
"TE11_OESOPHAGUS","oesophagus","carcinoma"
"HEC1A_ENDOMETRIUM","endometrium","carcinoma"
"TE1_OESOPHAGUS","oesophagus","carcinoma"
"JHUEM2_ENDOMETRIUM","endometrium","carcinoma"
"TE5_OESOPHAGUS","oesophagus","carcinoma"
"NCIH1155_LUNG","lung","carcinoma"
"TE15_OESOPHAGUS","oesophagus","carcinoma"
"QGP1_PANCREAS","pancreas","carcinoma"
"DETROIT562_UPPER_AERODIGESTIVE_TRACT","upper_aerodigestive_tract","carcinoma"
"BT474_BREAST","breast","carcinoma"
"ACHN_KIDNEY","kidney","carcinoma"
"SCABER_URINARY_TRACT","urinary_tract","carcinoma"
"SKMEL30_SKIN","skin","malignant_melanoma"
"C32_SKIN","skin","malignant_melanoma"
"PANC0327_PANCREAS","pancreas","carcinoma"
"ES2_OVARY","ovary","carcinoma"
"G402_SOFT_TISSUE","soft_tissue","rhabdoid_tumour"
"SW48_LARGE_INTESTINE","large_intestine","carcinoma"
"CHP212_AUTONOMIC_GANGLIA","autonomic_ganglia","neuroblastoma"
"SW403_LARGE_INTESTINE","large_intestine","carcinoma"
"NCIH747_LARGE_INTESTINE","large_intestine","carcinoma"
"RT4_URINARY_TRACT","urinary_tract","carcinoma"
"BDCM_HAEMATOPOIETIC_AND_LYMPHOID_TISSUE","haematopoietic_and_lymphoid_tissue","lymphoid_neoplasm"
"SW1417_LARGE_INTESTINE","large_intestine","carcinoma"
"MDAMB415_BREAST","breast","carcinoma"
"CORL23_LUNG","lung","carcinoma"
"MORCPR_LUNG","lung","carcinoma"
"HARA_LUNG","lung","carcinoma"
"SKOV3_OVARY","ovary","carcinoma"
"HPAFII_PANCREAS","pancreas","carcinoma"
"NCIH1568_LUNG","lung","carcinoma"
"A673_BONE","bone","Ewings_sarcoma-peripheral_primitive_neuroectodermal_tumour"
"AU565_BREAST","breast","carcinoma"
"NCIH358_LUNG","lung","carcinoma"
"NIHOVCAR3_OVARY","ovary","carcinoma"
"NCIH1650_LUNG","lung","carcinoma"
"NCIH1793_LUNG","lung","carcinoma"
"KNS62_LUNG","lung","carcinoma"
"HS578T_BREAST","breast","carcinoma"
"BT20_BREAST","breast","carcinoma"
"HH_HAEMATOPOIETIC_AND_LYMPHOID_TISSUE","haematopoietic_and_lymphoid_tissue","lymphoid_neoplasm"
"FADU_UPPER_AERODIGESTIVE_TRACT","upper_aerodigestive_tract","carcinoma"
"MDAMB436_BREAST","breast","carcinoma"
"CAL27_UPPER_AERODIGESTIVE_TRACT","upper_aerodigestive_tract","carcinoma"
"MESSA_SOFT_TISSUE","soft_tissue","sarcoma"
"SW1271_LUNG","lung","carcinoma"
"NCIH1792_LUNG","lung","carcinoma"
"GCT_SOFT_TISSUE","soft_tissue","malignant_fibrous_histiocytoma-pleomorphic_sarcoma"
"SKBR3_BREAST","breast","carcinoma"
"NCIN87_STOMACH","stomach","carcinoma"
"U2OS_BONE","bone","osteosarcoma"
"H4_CENTRAL_NERVOUS_SYSTEM","central_nervous_system","glioma"
"T24_URINARY_TRACT","urinary_tract","carcinoma"
"G401_SOFT_TISSUE","soft_tissue","rhabdoid_tumour"
"HCC1569_BREAST","breast","carcinoma"
"OCUM1_STOMACH","stomach","carcinoma"
"SCC9_UPPER_AERODIGESTIVE_TRACT","upper_aerodigestive_tract","carcinoma"
"HCC1395_BREAST","breast","carcinoma"
"TEN_ENDOMETRIUM","endometrium","carcinoma"
"TE9_OESOPHAGUS","oesophagus","carcinoma"
"KYSE520_OESOPHAGUS","oesophagus","carcinoma"
"IALM_LUNG","lung","carcinoma"
"NCIH2052_PLEURA","pleura","mesothelioma"
"SKNFI_AUTONOMIC_GANGLIA","autonomic_ganglia","neuroblastoma"
"SKNAS_AUTONOMIC_GANGLIA","autonomic_ganglia","neuroblastoma"
"SNU398_LIVER","liver","carcinoma"
"SNU423_LIVER","liver","carcinoma"
"EB1_HAEMATOPOIETIC_AND_LYMPHOID_TISSUE","haematopoietic_and_lymphoid_tissue","lymphoid_neoplasm"
"HCC1187_BREAST","breast","carcinoma"
"SNU387_LIVER","liver","carcinoma"
"HT_HAEMATOPOIETIC_AND_LYMPHOID_TISSUE","haematopoietic_and_lymphoid_tissue","lymphoid_neoplasm"
"MJ_HAEMATOPOIETIC_AND_LYMPHOID_TISSUE","haematopoietic_and_lymphoid_tissue","lymphoid_neoplasm"
"JM1_HAEMATOPOIETIC_AND_LYMPHOID_TISSUE","haematopoietic_and_lymphoid_tissue","lymphoid_neoplasm"
"C2BBE1_LARGE_INTESTINE","large_intestine","carcinoma"
"SKES1_BONE","bone","Ewings_sarcoma-peripheral_primitive_neuroectodermal_tumour"
"BXPC3_PANCREAS","pancreas","carcinoma"
"SNU475_LIVER","liver","carcinoma"
"HEC251_ENDOMETRIUM","endometrium","carcinoma"
"GCIY_STOMACH","stomach","carcinoma"
"SH10TC_STOMACH","stomach","carcinoma"
"KO52_HAEMATOPOIETIC_AND_LYMPHOID_TISSUE","haematopoietic_and_lymphoid_tissue","haematopoietic_neoplasm"
"KNS60_CENTRAL_NERVOUS_SYSTEM","central_nervous_system","glioma"
"KNS81_CENTRAL_NERVOUS_SYSTEM","central_nervous_system","glioma"
"KPNSI9S_AUTONOMIC_GANGLIA","autonomic_ganglia","neuroblastoma"
"LU99_LUNG","lung","carcinoma"
"KMS34_HAEMATOPOIETIC_AND_LYMPHOID_TISSUE","haematopoietic_and_lymphoid_tissue","lymphoid_neoplasm"
"MKN74_STOMACH","stomach","carcinoma"
"NCO2_HAEMATOPOIETIC_AND_LYMPHOID_TISSUE","haematopoietic_and_lymphoid_tissue","haematopoietic_neoplasm"
"KHM1B_HAEMATOPOIETIC_AND_LYMPHOID_TISSUE","haematopoietic_and_lymphoid_tissue","lymphoid_neoplasm"
"HSC2_UPPER_AERODIGESTIVE_TRACT","upper_aerodigestive_tract","carcinoma"
"HUCCT1_BILIARY_TRACT","biliary_tract","carcinoma"
"KALS1_CENTRAL_NERVOUS_SYSTEM","central_nervous_system","glioma"
"HEL9217_HAEMATOPOIETIC_AND_LYMPHOID_TISSUE","haematopoietic_and_lymphoid_tissue","haematopoietic_neoplasm"
"HEC265_ENDOMETRIUM","endometrium","carcinoma"
"CAL12T_LUNG","lung","carcinoma"
"SKNSH_AUTONOMIC_GANGLIA","autonomic_ganglia","neuroblastoma"
"HCC1954_BREAST","breast","carcinoma"
"CAMA1_BREAST","breast","carcinoma"
"HEC6_ENDOMETRIUM","endometrium","carcinoma"
"KMS11_HAEMATOPOIETIC_AND_LYMPHOID_TISSUE","haematopoietic_and_lymphoid_tissue","lymphoid_neoplasm"
"VMRCRCW_KIDNEY","kidney","carcinoma"
"HGC27_STOMACH","stomach","carcinoma"
"LUDLU1_LUNG","lung","carcinoma"
"NUGC4_STOMACH","stomach","carcinoma"
"HMC18_BREAST","breast","carcinoma"
"CAS1_CENTRAL_NERVOUS_SYSTEM","central_nervous_system","glioma"
"KMM1_HAEMATOPOIETIC_AND_LYMPHOID_TISSUE","haematopoietic_and_lymphoid_tissue","lymphoid_neoplasm"
"P3HR1_HAEMATOPOIETIC_AND_LYMPHOID_TISSUE","haematopoietic_and_lymphoid_tissue","lymphoid_neoplasm"
"HUT78_HAEMATOPOIETIC_AND_LYMPHOID_TISSUE","haematopoietic_and_lymphoid_tissue","lymphoid_neoplasm"
"UMUC3_URINARY_TRACT","urinary_tract","carcinoma"
"HOS_BONE","bone","osteosarcoma"
"RVH421_SKIN","skin","malignant_melanoma"
"NCIH1184_LUNG","lung","carcinoma"
"SNU449_LIVER","liver","carcinoma"
"NCIH28_PLEURA","pleura","mesothelioma"
"LN229_CENTRAL_NERVOUS_SYSTEM","central_nervous_system","glioma"
"P31FUJ_HAEMATOPOIETIC_AND_LYMPHOID_TISSUE","haematopoietic_and_lymphoid_tissue","haematopoietic_neoplasm"
"SF126_CENTRAL_NERVOUS_SYSTEM","central_nervous_system","glioma"
"SNGM_ENDOMETRIUM","endometrium","carcinoma"
"SW1990_PANCREAS","pancreas","carcinoma"
"TOLEDO_HAEMATOPOIETIC_AND_LYMPHOID_TISSUE","haematopoietic_and_lymphoid_tissue","lymphoid_neoplasm"
"RERFGC1B_STOMACH","stomach","carcinoma"
"HT1080_SOFT_TISSUE","soft_tissue","fibrosarcoma"
"NCIH2087_LUNG","lung","carcinoma"
"COV318_OVARY","ovary","carcinoma"
"NCIH2085_LUNG","lung","carcinoma"
"NCIH1341_LUNG","lung","carcinoma"
"SW480_LARGE_INTESTINE","large_intestine","carcinoma"
"HS746T_STOMACH","stomach","carcinoma"
"SNUC2A_LARGE_INTESTINE","large_intestine","carcinoma"
"HEC151_ENDOMETRIUM","endometrium","carcinoma"
"MSTO211H_PLEURA","pleura","mesothelioma"
"RAJI_HAEMATOPOIETIC_AND_LYMPHOID_TISSUE","haematopoietic_and_lymphoid_tissue","lymphoid_neoplasm"
"SUPT1_HAEMATOPOIETIC_AND_LYMPHOID_TISSUE","haematopoietic_and_lymphoid_tissue","lymphoid_neoplasm"
"NCIH1651_LUNG","lung","carcinoma"
"MDAMB175VII_BREAST","breast","carcinoma"
"EBC1_LUNG","lung","carcinoma"
"HS936T_SKIN","skin","malignant_melanoma"
"NCIH322_LUNG","lung","carcinoma"
"T47D_BREAST","breast","carcinoma"
"T3M10_LUNG","lung","carcinoma"
"PLCPRF5_LIVER","liver","carcinoma"
"NCIH2023_LUNG","lung","carcinoma"
"HT144_SKIN","skin","malignant_melanoma"
"SKMEL31_SKIN","skin","malignant_melanoma"
"HS939T_SKIN","skin","malignant_melanoma"
"DV90_LUNG","lung","carcinoma"
"ZR751_BREAST","breast","carcinoma"
"KG1_HAEMATOPOIETIC_AND_LYMPHOID_TISSUE","haematopoietic_and_lymphoid_tissue","haematopoietic_neoplasm"
"SKNBE2_AUTONOMIC_GANGLIA","autonomic_ganglia","neuroblastoma"
"HCC70_BREAST","breast","carcinoma"
"NCIH2452_PLEURA","pleura","mesothelioma"
"SNU1_STOMACH","stomach","carcinoma"
"HCC56_LARGE_INTESTINE","large_intestine","carcinoma"
"NCIH1648_LUNG","lung","carcinoma"
"MG63_BONE","bone","osteosarcoma"
"PK1_PANCREAS","pancreas","carcinoma"
"NCIH23_LUNG","lung","carcinoma"
"TE617T_SOFT_TISSUE","soft_tissue","rhabdomyosarcoma"
"SW1088_CENTRAL_NERVOUS_SYSTEM","central_nervous_system","glioma"
"NCIH1373_LUNG","lung","carcinoma"
"BL70_HAEMATOPOIETIC_AND_LYMPHOID_TISSUE","haematopoietic_and_lymphoid_tissue","lymphoid_neoplasm"
"CI1_HAEMATOPOIETIC_AND_LYMPHOID_TISSUE","haematopoietic_and_lymphoid_tissue","lymphoid_neoplasm"
"SW780_URINARY_TRACT","urinary_tract","carcinoma"
"HS683_CENTRAL_NERVOUS_SYSTEM","central_nervous_system","glioma"
"RKO_LARGE_INTESTINE","large_intestine","carcinoma"
"HS729_SOFT_TISSUE","soft_tissue","rhabdomyosarcoma"
"JHOS2_OVARY","ovary","carcinoma"
"MCF7_BREAST","breast","carcinoma"
"MEG01_HAEMATOPOIETIC_AND_LYMPHOID_TISSUE","haematopoietic_and_lymphoid_tissue","haematopoietic_neoplasm"
"REH_HAEMATOPOIETIC_AND_LYMPHOID_TISSUE","haematopoietic_and_lymphoid_tissue","lymphoid_neoplasm"
"ONS76_CENTRAL_NERVOUS_SYSTEM","central_nervous_system","primitive_neuroectodermal_tumour-medulloblastoma"
"SKNDZ_AUTONOMIC_GANGLIA","autonomic_ganglia","neuroblastoma"
"SW1353_BONE","bone","chondrosarcoma"
"MDAMB157_BREAST","breast","carcinoma"
"CALU3_LUNG","lung","carcinoma"
"NCIH2009_LUNG","lung","carcinoma"
"HS852T_SKIN","skin","malignant_melanoma"
"HCC4006_LUNG","lung","carcinoma"
"KU812_HAEMATOPOIETIC_AND_LYMPHOID_TISSUE","haematopoietic_and_lymphoid_tissue","haematopoietic_neoplasm"
"SHP77_LUNG","lung","carcinoma"
"PFEIFFER_HAEMATOPOIETIC_AND_LYMPHOID_TISSUE","haematopoietic_and_lymphoid_tissue","lymphoid_neoplasm"
"ZR7530_BREAST","breast","carcinoma"
"NCIH1944_LUNG","lung","carcinoma"
"COLO320_LARGE_INTESTINE","large_intestine","carcinoma"
"RPMI8402_HAEMATOPOIETIC_AND_LYMPHOID_TISSUE","haematopoietic_and_lymphoid_tissue","lymphoid_neoplasm"
"P12ICHIKAWA_HAEMATOPOIETIC_AND_LYMPHOID_TISSUE","haematopoietic_and_lymphoid_tissue","lymphoid_neoplasm"
"JVM3_HAEMATOPOIETIC_AND_LYMPHOID_TISSUE","haematopoietic_and_lymphoid_tissue","lymphoid_neoplasm"
"NCIH727_LUNG","lung","carcinoid-endocrine_tumour"
"HCC2935_LUNG","lung","carcinoma"
"MKN45_STOMACH","stomach","carcinoma"
"KCL22_HAEMATOPOIETIC_AND_LYMPHOID_TISSUE","haematopoietic_and_lymphoid_tissue","haematopoietic_neoplasm"
"EM2_HAEMATOPOIETIC_AND_LYMPHOID_TISSUE","haematopoietic_and_lymphoid_tissue","haematopoietic_neoplasm"
"OPM2_HAEMATOPOIETIC_AND_LYMPHOID_TISSUE","haematopoietic_and_lymphoid_tissue","lymphoid_neoplasm"
"LCLC103H_LUNG","lung","carcinoma"
"JURKAT_HAEMATOPOIETIC_AND_LYMPHOID_TISSUE","haematopoietic_and_lymphoid_tissue","lymphoid_neoplasm"
"L428_HAEMATOPOIETIC_AND_LYMPHOID_TISSUE","haematopoietic_and_lymphoid_tissue","lymphoid_neoplasm"
"MOLT16_HAEMATOPOIETIC_AND_LYMPHOID_TISSUE","haematopoietic_and_lymphoid_tissue","lymphoid_neoplasm"
"L363_HAEMATOPOIETIC_AND_LYMPHOID_TISSUE","haematopoietic_and_lymphoid_tissue","lymphoid_neoplasm"
"SIMA_AUTONOMIC_GANGLIA","autonomic_ganglia","neuroblastoma"
"SUDHL6_HAEMATOPOIETIC_AND_LYMPHOID_TISSUE","haematopoietic_and_lymphoid_tissue","lymphoid_neoplasm"
"SIGM5_HAEMATOPOIETIC_AND_LYMPHOID_TISSUE","haematopoietic_and_lymphoid_tissue","haematopoietic_neoplasm"
"BCPAP_THYROID","thyroid","carcinoma"
"TT2609C02_THYROID","thyroid","carcinoma"
"F36P_HAEMATOPOIETIC_AND_LYMPHOID_TISSUE","haematopoietic_and_lymphoid_tissue","haematopoietic_neoplasm"
"AMO1_HAEMATOPOIETIC_AND_LYMPHOID_TISSUE","haematopoietic_and_lymphoid_tissue","lymphoid_neoplasm"
"MOLP8_HAEMATOPOIETIC_AND_LYMPHOID_TISSUE","haematopoietic_and_lymphoid_tissue","lymphoid_neoplasm"
"SCC25_UPPER_AERODIGESTIVE_TRACT","upper_aerodigestive_tract","carcinoma"
"GRANTA519_HAEMATOPOIETIC_AND_LYMPHOID_TISSUE","haematopoietic_and_lymphoid_tissue","lymphoid_neoplasm"
"MKN7_STOMACH","stomach","carcinoma"
"HCC827_LUNG","lung","carcinoma"
"RD_SOFT_TISSUE","soft_tissue","rhabdomyosarcoma"
"UACC812_BREAST","breast","carcinoma"
"KASUMI2_HAEMATOPOIETIC_AND_LYMPHOID_TISSUE","haematopoietic_and_lymphoid_tissue","lymphoid_neoplasm"
"SUDHL10_HAEMATOPOIETIC_AND_LYMPHOID_TISSUE","haematopoietic_and_lymphoid_tissue","lymphoid_neoplasm"
"SUDHL4_HAEMATOPOIETIC_AND_LYMPHOID_TISSUE","haematopoietic_and_lymphoid_tissue","lymphoid_neoplasm"
"SKMM2_HAEMATOPOIETIC_AND_LYMPHOID_TISSUE","haematopoietic_and_lymphoid_tissue","lymphoid_neoplasm"
"MINO_HAEMATOPOIETIC_AND_LYMPHOID_TISSUE","haematopoietic_and_lymphoid_tissue","lymphoid_neoplasm"
"COLO678_LARGE_INTESTINE","large_intestine","carcinoma"
"DOHH2_HAEMATOPOIETIC_AND_LYMPHOID_TISSUE","haematopoietic_and_lymphoid_tissue","lymphoid_neoplasm"
"LP1_HAEMATOPOIETIC_AND_LYMPHOID_TISSUE","haematopoietic_and_lymphoid_tissue","lymphoid_neoplasm"
"MONOMAC1_HAEMATOPOIETIC_AND_LYMPHOID_TISSUE","haematopoietic_and_lymphoid_tissue","haematopoietic_neoplasm"
"OCIAML2_HAEMATOPOIETIC_AND_LYMPHOID_TISSUE","haematopoietic_and_lymphoid_tissue","haematopoietic_neoplasm"
"OCIAML5_HAEMATOPOIETIC_AND_LYMPHOID_TISSUE","haematopoietic_and_lymphoid_tissue","haematopoietic_neoplasm"
"KARPAS422_HAEMATOPOIETIC_AND_LYMPHOID_TISSUE","haematopoietic_and_lymphoid_tissue","lymphoid_neoplasm"
"HDQP1_BREAST","breast","carcinoma"
"ONCODG1_OVARY","ovary","carcinoma"
"RPMI7951_SKIN","skin","malignant_melanoma"
"WM983B_SKIN","skin","malignant_melanoma"
"LS513_LARGE_INTESTINE","large_intestine","carcinoma"
"NCIH2286_LUNG","lung","carcinoma"
"NCIH1339_LUNG","lung","carcinoma"
"WM793_SKIN","skin","malignant_melanoma"
"WM1799_SKIN","skin","malignant_melanoma"
"MEWO_SKIN","skin","malignant_melanoma"
"WM88_SKIN","skin","malignant_melanoma"
"NCIH1092_LUNG","lung","carcinoma"
"SUIT2_PANCREAS","pancreas","carcinoma"
"SKHEP1_LIVER","liver","carcinoma"
"OVCAR8_OVARY","ovary","carcinoma"
"NCIH2172_LUNG","lung","carcinoma"
"NCIH650_LUNG","lung","carcinoma"
"SW1573_LUNG","lung","carcinoma"
"OVMANA_OVARY","ovary","carcinoma"
"SKCO1_LARGE_INTESTINE","large_intestine","carcinoma"
"HT1197_URINARY_TRACT","urinary_tract","carcinoma"
"A253_SALIVARY_GLAND","salivary_gland","carcinoma"
"DKMG_CENTRAL_NERVOUS_SYSTEM","central_nervous_system","glioma"
"IGR39_SKIN","skin","malignant_melanoma"
"DAOY_CENTRAL_NERVOUS_SYSTEM","central_nervous_system","primitive_neuroectodermal_tumour-medulloblastoma"
"HEP3B217_LIVER","liver","carcinoma"
"JMSU1_URINARY_TRACT","urinary_tract","carcinoma"
"IMR32_AUTONOMIC_GANGLIA","autonomic_ganglia","neuroblastoma"
"SUDHL8_HAEMATOPOIETIC_AND_LYMPHOID_TISSUE","haematopoietic_and_lymphoid_tissue","lymphoid_neoplasm"
"PK45H_PANCREAS","pancreas","carcinoma"
"HEC59_ENDOMETRIUM","endometrium","carcinoma"
"LS123_LARGE_INTESTINE","large_intestine","carcinoma"
"HPAC_PANCREAS","pancreas","carcinoma"
"SU8686_PANCREAS","pancreas","carcinoma"
"BL41_HAEMATOPOIETIC_AND_LYMPHOID_TISSUE","haematopoietic_and_lymphoid_tissue","lymphoid_neoplasm"
"CORL105_LUNG","lung","carcinoma"
"PANC0203_PANCREAS","pancreas","carcinoma"
"NCIH1915_LUNG","lung","carcinoma"
"HEC1B_ENDOMETRIUM","endometrium","carcinoma"
"TCCSUP_URINARY_TRACT","urinary_tract","carcinoma"
"GB1_CENTRAL_NERVOUS_SYSTEM","central_nervous_system","glioma"
"NCIH3255_LUNG","lung","carcinoma"
"A2058_SKIN","skin","malignant_melanoma"
