"DRUG_NAME","TARGET","MECHANISM_OF_ACTION"
"17-AAG","HSP90","Heat Shock Protein 90 (hsp90) Inhibitor"
"AEW541","IGF1R","IGF-1R Inhibitor"
"AZD0530","ABL","Src and Abl inhibitor"
"AZD6244","MEK","MEK1 and MEK2 Inhibitor"
"Erlotinib","EGFR","EGFR  Inhibitor"
"L-685458","GS","gamma-Secretase Inhibitor"
"Lapatinib","EGFR","EGFR and HER2 Inhibitor"
"LBW242","XIAP","Inhibitor of Apoptosis Proteins (IAP) Inhibitor"
"Nilotinib","ABL","Abl Inhibitor"
"Nutlin-3","MDM2","MDM2 Inhibitor"
"Paclitaxel","TUBB1","Microtubule-Stabilizing Agents"
"Panobinostat","HDAC","Histone Deacetylase (HDAC) Inhibitor"
"PD-0325901","MEK","MEK1 and MEK2 Inhibitor"
"PD-0332991","CDK4","CDK4/6 Inhibitor"
"PF2341066","c-MET","c-MET and ALK Inhibitor"
"PHA-665752","c-MET","c-MET Inhibitor"
"PLX4720","RAF","Raf kinase B Inhibitor"
"RAF265","RAF","Raf kinase B and KDR Inhibitor"
"Sorafenib","RTK","Multi-kinase inhibitor"
"TAE684","ALK","ALK Inhibitor"
"TKI258","FGFR","Multi-kinase inhibitor"
"Topotecan","TOP1","DNA Topoisomerase I Inhibitor"
"ZD-6474","EGFR",""
